{"file_hashes":[{"block_hashes":["DOZdV3jFvk12AM2JNDYKo3KZrIVRprmJ+sVGWkqqE4Q=","rVElW3Hu3T52SzDDUqGT5YiJTBGUv2h3pNuBKFlhZ1U=","X/3fg4KZxgQ1jBr5QGq0F5JnflgE27UErd88mrxTcxs=","VibLbpy0ig+5INMOU71fTYN76iaka2XVpmm1qAKYsX8=","EChCwCbQHbHQ7oDdGT2qNyiRJ0yck2YC2emNGq4whtE="],"block_size":4096,"path":"_locales/iw/messages.json"},{"block_hashes":["/0XLYLvR7GDi1lXEsqI5OOorLaHGVkQU9sW9wrxd/qs=","ugdSYfR9jET/5OpIYWZUycWy9FcBX/jb/7/hmW5DVR0=","Z2vShQRg9avHHQwTkYjAyfnFnhHQ6Ce+ob00hRV0V2Q=","lIb7yaoAR7pQ0ZDpBU1ZzIKa+hURf3edJBILNvUO6lk=","5mpQSSRBXvBC9O0QpFoDxFGOcDS5Iua0gICy3D+t0UM=","EkWgzDTb1zblDgz7APE/G19fsHn/TJJuw3JbNsqGNCY=","Mb/n/cgw5oibXHqBfMwXremke8GY9oWJPhuY1Y2CrpQ=","cb+9vKl/3iDYu97Gc5yEsJnJ2QWd4dpd1E3pt/3yaqQ=","17+40sjnss/mFRm6idVmlEZTl+kWrR1GSzedHRD8yZI=","fTKSj8L49Jxlk/4helP5XYqHFlye2npO9oJ4k1tBSDo=","5YuJx+3UKRLS1jKYLhPFxnoj13kXTJWbUvqDjH49cSU=","bpIVoxhooXfnSfnMX0AAp0lf2rlVVA4pjcPLwgfO6HM=","UUtXQCPzpyCsqMlcbuKPxsSWFpRWF1bXuInAT+MwwDY=","oUPx37oUjuP+dzILoj48jtLskRlThmZSi2d5kfYzTb0=","NasPZYyHtY8lZ40v337CTb4y55dkEiteZOekVSMOu+A=","dnx7o7S2CqgEEB7kimAMqt0odcuJU55sivXrOoqgWWE=","t6f9fRN9wxDUAP5vg0eWDBbr93OsYghpg4GOYGKHQoI=","l7XMuYjbPZFO4EHXb6cz2JCxuLr++c4pSUrkb6xXKc4=","RNuaOVevr90qf/Jjnr65nCAeYZ+Zbebzl2s1DetrCF8=","eZ4auPvw1PAjwU2NPy8oJEeEru04CwiJ0SCE1qCEIU0=","dxDF2XWs2NlCNNErdu5Uf9YTD4EKc1jCBz0kZMwztCg=","4xUs0SV9SIq5QdIWWYGWfTd5Fh9aM7Cqn+jZsZ3Ed7E=","qXMyCl06OcphzRSM3SvJ9asdjlEiB2lybrLWOwjT2PI=","1UjzWXa9ZOmR8NCuDPYCCbQUiT8ACI+XnJDdhuH9a9M=","+IYMIJuEcFcdbzh/4umcNWr610WQpmpKhEQPqiali2g=","cdeYZ+EYAeohWQILRngR8LA1DHnpYathXe9DgosI3kQ=","P+1qh1gZMRWaKZ+ghdC21mMepi7AtM13IHcshC5p3OU=","X9i8SDQPEddiEpNubCAeD/8qjlWXUjQ5Gtx2DCCHzUA=","AfOByARSjVclYO3BKBOaYbTOFF63xHvTRRX+xzw9KI8=","PsVKjedcWjKmJ8MEYAzBHsJ3O610RqA+7E1OPzJ1+Ew=","yaQ4JtkGCx+nZHgl27jaWl0VtX7XDQ4grCEL5daFVl8=","QhMTAO9Z14wxyXrS9JVThYv8/LT1CDJ05Tw/MaWA/kU=","4eBk85DVHPy8z9SVajmbgAffLnbhP0sdbzniNAB7WUk=","jChNpjRC8g1ioXHDZnQ1ylkYqlOGrmRCdXy5IaSUoqs=","MpDnbBcEEcQMbJ6SGYzJO2TWHz9FJWDXfuyRROToTl0=","WSpPxeFYfiPdebMQ2dNnamqhXfyZlt/3RO07Fz9PIZI=","W5ssTz2tvJ6S9pYlJsCejwzrItTzmCSTZ7EaV5PH5L4=","5w2y4iBsGoz/1ys/yga9F3M49Xy3sSsVAT0+bGYK/Dc=","RMsD5fiw81xG/A5vXnAweSXk9vkDfrUGQ1hb6uqabew=","oOvycvA5pOI7z7KzbccgrldiiUHWnSb5Ewt2kkhsBZ0=","Q263qaM3v0OG+4R37mAf9pWX3ACt3s0bYR86BSJgv5A=","sr+akue4+XRmztoAFXwQVuEexARE8wywshAHyCBADwQ=","rXn7YmQc2CkRgFt29uscSKmKNEm3hsQqL8NDmzNps6k=","O19eibUNZMKEWg/g1+9czDfyYwbJhjClpZuaoiGGacs=","sZyOGRA+E3WPa6TOtvgHd/upcFWzN08MyQUCDslvTu4=","aWm3ob9Bt3uWCjI2kRyj7J04PBwA0+/+o+vX/IkIApk=","2mglNixztU3HuxUa96nMGD37G0g65LpLzbmlzjTNBOU=","S8+jmlcVQ1mu+hgwpWJIE0GbBFUgp2shE/8bWhH+ies=","qq9/eEqxqoPsxMV7BLsliZpiZXQLlMwuykBD/R3Zitc=","TV6730TtwY3mQ8D1UGhYdqoA5St/MOglrG+7etCj+D4=","OyMqvOdHc4oLGYJqzSl2dSQaWPiT8gUGcbyTtnB/U7M=","MnykiUgj3cH1QJTvCQ4ohBZ9oHOBoqQj5qkzX+4r/2o=","dkJKllil7EB9C+bgFzjVcILjV1kMlS/PIoZZ5K28X2Y=","rQ7iAwYSrpooaTnNEyhe2VxH4eeUcK3DwyHsavavzoo=","8DZyRGKeuH0VGYqcY/6+xaO/ITTJ6xz7HarRB+/mopQ=","lMEMak5kPWMsOOe4MOTnUCOZch6Vzd70OXgmxsDUHKs=","Ukuls7rfscaAcJLRAvlIOtCXX9SwgOvzauYf+g4GdaE=","vSiBomD0D+7yYWsx4GjiE+x5LN4JpWc9VofFBhl5Wa8=","ZdIV9vBWIp4352UzuOdidNelEoZMDdgxIIc4IHO3RG0=","Qg61cDiuML5UUGrJ8sjMYGgrP6+0/so/KpPQPiIPBTk=","0WFgtdtt9uAhOcr+R4GFWKu3Rb7YOOgNC2kD0005OqQ=","mZvxv7vsT7A8bE28l/PDHtsRPKM9tOX2iRLnSzVOlQg=","4p0F0msWC9By03THjbDtIFLTzHc2Dvy7jgM8sGkLvgE=","ULIjuzDY5+s/4PhwQ5k9n2OZz8sYILo9uYdw0OoBFgs=","KVIwP/E6DLGEYp75zyPHFkami2iJAXDxtnFoWEr0L2Q=","yV1Fgx16docqwsfAeeILY/g9CSqgAguTOALbVgPn5TI=","MQYE0BUvbGkNbpgfkQBLKDxHUea6IknAfbVJUo+uqXY=","N4598Dr+NPozHHvbQvfv3cDTOfeHYB/HcMFqIWurZSI=","OIJGlAHS145yjPpszRJ3+EVVE7Zqr5dP2e8jcakZZO0=","Y/fVDHnzLPkEpV6ntQu0BNh7ZVP1Yrk+mhaTmxjGCPE=","goFxZPOxz5SgawAUrVVI1X4LI0ZkjBYemEYWRLttpHc=","SJ3WB2QQFqa/jm+B5BPi6lG9RxZePaMssbzeMPQOpsg=","ymCZ0RO4PbBmMj3btArgSz94D64ZvEHTmuxUkB0Do1c=","jqxlVu0rgHJN+oH8yWPCK3197n+x1VfCkiRwkWnlFSE=","x0A80YCLTiYX6RPL3hrnSOO1yknR18+yzIbeW8L5eEI=","XFURWIhHm24UlhqFgZk/WI6+YdRvas3yg30m4GAY0uI=","isWmGaNVE4PRHgsX0SbM9LXlwcXnLFIzwRCFxeoCmMc=","E/NIbv/kpU33Nca1uuBrWbo/X+o3XkLJTHbVAPxW9mU=","POKjgx+H5w0+NzYRjpG+X6ZuvP139JWMRdUmL5CN0jA=","UQs+ZJTuZhOyGxEtY9gCldhSSXvJVol6EijmmiW86Ys=","+2mX/4xOEJpw5NER/vrv5knO0Jt64Yo/Qob9uvEMaVk=","01VIXX7w1ygDe66mjyvqEjoXr1ruwMih2k6LErfgaf8=","vxOfYCni+Z7/cZqs4du0Sb9l6hoIhSzsaPKVWxMxKxY=","n2JjujkkpQt7A7/FoY1e2zy4vF0vOI48j+BbIkTCbzs=","AAn7QRgkXWo+3K4D9kRh9hSSOtdhk/Ckk2ge1zPAhpk=","c0xmASxliF1KMtx8QGtugLrAtc7Obllr8CA+Kj1aRcU=","nE2/cQXhvyNkIxBWGq5v4ugAsg9m6ePWZL5GnwdYeE4=","kpwva9RQcAr3u1UZTU132hYQN2+g4hIVhcmDsNNO9o0=","8LCoLWiRBj1x5UhgAlclH9dnId4NViH0DqgtycBzOto=","8ikwjhN0gHTPNdXYup1WNh+Qikg9eoGlOdgKp+dzojE=","+d69HF3aMklWNEeJzOCM8ynkWNrmNGEUTD9IOk8ZVlA=","VASi6JhAIC8bZQT80oAlRTYSIahIDmjb2GHL9dF/uRU=","3y5FjmN4q13qEM6vJ+wPf4k2wNQa3cfRiYXHYrsTwmU=","M7hCfcYyN27N3H+3f05cUr4dFnLZWbIMGwL8ICj5xrY=","YnIvE/x/V4LTvZunOM30P7ghtZUV8Qdm5FVdN7lnlQw=","4EoJxR5rjPFp1ER8xok+sUdVIT+MGFyc0HXUdUgoSB0=","s8pmiA6gNWvbKRXWsSdtBIZeIgXaewntot1CigETHUM=","BLxtcPWmnWO/VTShuK4H1nsnpIF8bTrkdFGnp7euWfU=","MM+1txjnCVNx01ZeP7z3rQo0+AUaGf4wjLKRHnKSz64=","U+8T515LBpngBhij5/OYD70xxi4Z0o6E281jCBbFhfk=","nmGEiM+5+N/OCLf5XaeJsB9UOjU/+NS3IdaJcFw2m6c=","HRKO4SnGzcZ8elVgweZoipi+GiOOST1cj52uFB0nTeY=","LUn3bbHjdHJwxWmyZ6SM684aFx+mnm6XXhb1Rr6dAc8=","ULf75B+zwUuhM5yWEuppmTrhNsNHycXzuZ7Iw/coYWg=","W/fT8FCphSuiChkOYmTiHSrPxMcvJe9HC6wb9AvN5dg=","4a2X8oDR2Z3Wkw4ZHBtKafzMbl6fInDmvEoHw6vUQhY=","XLQ2v7hIq3nNoD8/I6bN9+DiRYsezgsERazVFsVl5gI=","DqHR3eg6CKhZewiTKNPnH/u61oeD8L42UjPwxOS7khI=","yMnmu/cV8kdCP842ipXju+7eEbZbPIwOOhEPSCajJb4=","+yZHlQUEzLIW9IjByS0gaT+lotsa1XS4+90F4h0e9Qw=","BSBGuWnwRw7/Vgl8KfvUwNo7XopF8zKVaadIhptdXMM=","z6txhAk2Tom4YJCvDTJ3hIG4sA9qcFm5GRU6ZjXTB8o=","EtLgsEBcb2qWeVFias4FTbOO4zg92tJVC+zi0pYt6po=","v4hsxkUEfUkoWZ/HBBbEhwOdOfHGaXWzFztgwqWT3+k=","TsIhkjaaRMV8L2s1MN+lPKxM1IAFyQqaFWmRgICPMvE=","x1W5gI2eHr0j4EzZYwNcuhkqr6b0cm3DaSrvXi5IA/4=","m2sqeiYiz+e85E80u/89f580cBsyUJGr9Esjlu7aFwE=","zP+bky3rpBlK1v/dt5oWQVBZH/uuamID6Zfl57Fut2E=","F3VTiOh57jOVKic5GfukG5/gIkNwk/0Ffay5P5V0bSA=","IJGhY297QT0AhGtNA2X1LA/7wnEb1tKdDQml6pd2KUM=","7bHFcUaz/aRpCIaWM3j/2SXQVjxK81a7y2FfbHnlwaI=","aDoz8FUCi+3aNFYaHWfuqIQi0e7GiOy+M7YSsg/wPHY=","EjKa9kAIF3AEV5waDXGb+a9FpLIGG25jD44woZAMrN8=","Yy5V5M9gDkUhO6RU/nTNaPGXOAQnrkkX4Xr8cC3NM4g=","BW1ru03+o3SK4QXDja3mWlGmJncAoSXVHqwj5MlCGYA=","UIRowtpGU2IX3I30gHxlsnHlFNrqHkK2AZmrTiqIeNg=","ZxAes0Lchot6W1U4uGgHxZV8DpThK9fg0PEnUgAEDQw=","x/wZPbDopXlm2b/+pnRF6z4zfF4BoQudhgbbnCQtL6k=","RJII3pH8uBRrI1uiyYQzIlBOXE00EF723T9CYErvhkQ=","pGuDFW6YDpcVv5zcnsVAwP9DZslOmgVm7qT4W0YnBR4=","I6JiazmjB2xChThEj8Pdfut4GXzLsla2JQPqy5zewoM=","tBQhksIgSg4yNdPoBlXQBE2w6JdgWyPjtGGiumRT1yU=","1829d9CZk6bfkSsjqQpaAZz1FPk96PB0XCH+PYe39VA=","2tCFVcAKqWFVyLR/zIF67uisBt622LS9KimKh5UpQxM=","g3HW0MHIAwAOhcKIiVONncUits5GEhG/AwgBOL5A4jc=","VZa68oE+uLfiBMsnpURVy/KOQhwgpYffkABKdRBjumI=","hHcmCZ1hLEGRXJ2fR2YS+UXXLOSu4QSDqAJ0IjZPRx8=","LhH4RiejeCPdxo7FAhbo3KV0Ev/qv2AqYyxhxurBMts=","2iYFHPqaQb/cgUlVUxPdu7B4J65Bl7yZqesf7d2MnQM=","pGypAuL2VzW6EuukxfU/tDoCBiRzh6gq1i13Txfnqvk=","uCFeoXfotWZTFGTmIL3+NJ8JXZs1R7UE3pE2pp4TrWc=","D4q1/EBuBhh3qz7CGaBLptIVUZQzSZ80Se1x5FHSvCc=","6URHDLSYE3a0hQwUoaLInNrNaUUgJBqEwYbbqRE82r8=","trilISgQrAJG3hdcz1dLFXyllX+fg8uu4gGFKOwQk7g=","1L695hf/zN8sWX6dvppwtcIaidwxCIj4hz2AzVv8Hio=","PkoL/UaSGNjgtXzsLJAqT75/iMPwRL/bxy+BoTx4p2o=","KOsHWzZj8hefxlByHTu3mZDGtEtUbLX/KVybG9eWA24=","qyvOYOzcP6LaxRpVhseCgAh3uAz7ruQVmuGqQt+dYjo=","0J8xXMZpqf4mPFNsfBrXcV2UAUZhGFoNolaZxByOu0M="],"block_size":4096,"path":"angular.js"},{"block_hashes":["BhbTagxW9odil37VpSmctw4VoFiBT5uk29sRsTcGBew="],"block_size":4096,"path":"background_script.js"},{"block_hashes":["EhS7pXpa+6AZws9KBBrGCNZ7nfGOp5l8lCOjXdwmrRw=","ommi8z+GbcYnRYYKysJ1DGdgy2xbZZHXjK7LpT13UyE=","u0pMlQGqyEVJTs1Efpe3Lj/fPINLCJ2fjA01oPh4uQ8=","eMOa4T8aQRQnYoMn4gJoJh9V0I7Aw88I45r1n0fZv0U=","/PSH9fLT7Ab3Gyml2PxIARoVqqEBSBmG2lIEuXk4f6A=","XzdCwc7EyBFS3HEHy8XtZ9cqURYoUfLZ4Ya2OegM5aY=","Rxs2TEq8QZbOuhb2d8zvemFyFKmNER+mRhGHb6NkHKc=","jBkBQxshuvbDJLecTrO9T7vLwtKEyeqRfSKCTg8TFt8=","mQWgZ/dcw9ViKgezbRkAw14qmQSkDTZ85yRUsGzEEhM=","2wnhaiY2mCAWM7aq2kiQyZLOc/D5m3kO7fC2Jv4rEfE=","EghyPv9QDE/Cu9SzAP+8YxVYivtcJRp0O6xnXmP530c=","LSWTkpxEWC3oe6/aT5Yb7Iv0Shifdq+zf0/QkDXXCE4="],"block_size":4096,"path":"cast_sender.js"},{"block_hashes":["5Mk7MRCCtPYeCEVluBw++UIBoPVCf8x4XxrMmV+OFww=","AcTOthnHJfOLEeY7iFhew+riDk1Bw5rcpTGyGFlNDSE=","/8jX8FrWF6gro+WQd3DmnPf0ddEGL9QCsty3W/MXUSw=","8+FbbMb+WF+TEend27bBDztUKEO5Pz3PzCmOrWlOIns=","02FqWXZB9ZhmBf206rYuLK5g8qRDacLujDFkQjDdnJM=","V8NZTrOwJ8k0/EFq+7SfhPAY3dCFhZiiGt12+onjMPU=","/ggNSdhfy6cHSSOvbBnemBY/0JFpqkEQdVvAk/MMQWM=","bclNZ4n3ElL7JR/Ku9F4SO0aIupkdSAD0hB2jpCb2qM=","Qs6/t5iQXWaerXEWTMf/3Nm+C1T8wevJFgmB95V/Esc=","ZRUnny4kUkp/yWD7/7kmAZFsa6ylMJKo/5EPYbUkx4Y="],"block_size":4096,"path":"common.js"},{"block_hashes":["pYL8INvK0ZGAALaQ648jfsFOW4Nv1/eZw1cC2I2+aGI="],"block_size":4096,"path":"feedback.css"},{"block_hashes":["Ddrzt4b3WXKKBrhCr4hvcKqc2bboUcabiZar6MZXnto=","JBueFW4uCgSVQCDMI6x3RUIoufFi7oEziif1fXlnFYY=","7FvHKpznZqgTW8YDqHXs96d2kgXsU/1voDZaH1Hxz7k=","G4Lh2tua05VSxPZeva2hXpszXmrxQUAl7tYjtAEBY98="],"block_size":4096,"path":"feedback.html"},{"block_hashes":["j+05jEKkI/aIr4tdnE6cUwbJz8FphiwmMv2LIbP3oi0=","pSutpzfzRKyK4yqH6h8Iv7/B/822oEm8f5kIw7OGKXA=","rX1IO3TsNbrD49IA9GREjSV3xiEK4iGuctlq2HCavRw=","LEgO1XTQl3zN+0bzfTwJ1kNHURb+joyZM2sJ220YxRY=","jgtM7Kj13ORvHwMyIEK+ajX4Ieq2L/LMaH5pxSE15zU=","c0UaBK4Hf7Lklo+p3CIbT8zPkKZ/zmngQiw476viLNk=","Igq7CluS+s+X/BZR1tqP83m/vVumRS5os9ApsSxJvf8="],"block_size":4096,"path":"feedback_script.js"},{"block_hashes":["Zw4WW2IcwQZ8J7V2pH7SQKd+g+SKQJ2H8ZyiGBHlBKA=","HiBiTwofvpGM3jTv2JPI9DpIkhE5GRDcXHTl5vtvkk8=","DrM4UKj6LwZaSWW36fuQUyvQ3XwRqVzrQCw0L8j53UA=","d0TXGM7pAnSzTv0Sv3VTgW73sQxE/C1/OFiKvwdnIos=","tG+VD3MHLG+T/VmB7NYk92Qg7QDSTIFaqOnxS1i+NCI=","bgkFAjoSskDhsbba/Ujy54qxcHSdgQg2WYHJPQJ9w6A=","n3YQ9jqX8dXcR/9OuOsIWFNtJyrpseHK/RNVvq6hno0=","8xE9HLb+aIiGiiIf63c0z+vFmUd79A2iWGpPiX6hiM8=","fIwyolptbM864pE0FQnqeZ/wXkL5M3aoHjwMqxfzEQo=","OQkTT9S0RwM4sOtF1lJlsK3OXOtLSncmk7SWmM/QXPo=","xMWoENucrC4bxPRyyGxw18LMlXVJWnsSbLT1HcctMoA=","Mm1HrB+YmUkie/tdDKWYTXde6YqKArRsg95wtYqnhik=","1BdH9d/PiloL6zWDDCha86DVvy01jMosr0/eHztbNX0=","aJbeZ5xygVZ8y/oIGwHvq4gPawyFJpeA5LN9Ty8pw1Q=","x/7X7O+FT6uuS/HEQZpY5Xy3ZxZWqk2Gk7VDTgAYkDM=","lhpr0KtavjcqiW5v6LaEonKujin/ZIVtum/iEzL51bw=","/9SO1THHRFztQ/1PJRjbppK58uHaCnJgHcjnn6GYjsA=","dCInWKlE47Ni5+c88A7cmyLe8K3WRfLsUTm8JxcZktk=","uQjgM93w+UKz4mecgqxwvgmsHsVGRkZouoqqV/Evr9o=","NrDQWdSIFMpjZ+OW2+2tettLW5OlG4sz3H+PrC8ExNw=","jq0oMORr9mrhNmLvRh2XnV2FKgocP0gL+1IZFqXP39U=","uCTeHtd/sk/uZXI5DIwagc9U4C4svlCylX71P9X4da8=","xDRxwo3nJf9VJUV/zw9goeSL8/o/eIAGX0NVvogwaaA=","4epKtbF5Jgd8SwR6+RUE3c7LiN8HQqtcTpOCRLgURJE=","+AHCE+F9if0kDqzvZ7+e0QG7/B0SQVQ9tKo5zaOkEYU=","14ygPnQrYwoQsYZaDcFf6auqkMy5IB+3TV1ru70C87c=","T0OpmUOVjE40e0OXFmY2xA7huG4AArNHw94K5vrKBKM=","SN3EFwEGBkZaCblrlHWqaADWWrvPcaZQgxbT2XrmS2o=","DOK67U1UUg4Z4Gcp8SAkGa2lGXsqpdWt8CFytTvUGyM=","uKsRlQTCc95ImFRy2VZ5wp+RQsvpYPOh/oT8vASIXfA=","zt3Pd/w97xIbTUApSfb5ZGIBvcpSRtbGd84dXu2BhgA=","3h1z74VhK4U/ok9WAgOWyECAgebdywOUg3nl1kHOy28=","SqtUlcr1xID+R7maXM9PqR7/tQXQGnUV5R+MJy3lHjY=","mdG4esBh49Gn3n2iXMM9A1/LqOF6MjhPc7Vrg/EjYhU=","5rkRwEnIHLAHYBtptWLeq1plaVW0UB2leGIrevS6/gs=","h3K4arT0eIRMoYLRh7+K4nFb7+iVnMYapZVte3rsFrY=","GrLU/m3Usf3KUV8fKfrNfH0a3qp3AuyBHVQGN9K8zuU=","gtnBqcKccVyK5zXLLZvmyq75w6RskqYkoDzzEQ1Kvjk=","zoRGqi3XmHA7xlM3S04ukTTUBHJqfnfhWEheIB6yUCA=","lhp5hNWsMM8EYzjSzPDFfEGM2LWKKOMe6heH6XhHqfk=","gl650WKhQkQX760TkayV46TlbCrJQUgARMQyyhwHm9k=","SF2zMnSYGjJOjjk/C1Xqs67/8685phsigJpSAz8wrvY=","/nI1ELN5i7+ssv5J4I9NjAYNt/Vd1Vt/jna0ksGeT4A=","2ozxW2swTKLwmdJ+fysV/hW3gtl2yzensQYkVEf6ZIw=","6SC1jW56ZaaKHVhr4/cZ0u4VEt2DIIjs1S/CB1a0hOs=","aHpS04k+nfeBZM+jHMyZkAR1qX9WLYN+shaNGbQmVv4=","6RDQafBd5xAhykLwJy8mHQjVeTnXzY2nj8Wn8Y5R6nQ=","yguf1ZoXSjCgyqUejpJygZAxEyuN9KDD0thZnAzWYyM=","UTednwCtVCiwfW10/zZQGbumdHUyzx8IdDiGrH88k8k=","w0I7gbxV29J8dS1YwYD/wbjGpVGkMYAJ0XBloTMO9e0=","+nO1bQzJQHf1vijDkK5uQTJCPtYPgvKtsAPfV76bJIU=","Mp0O+I97mQmjKbWLSc+mtqtQFFNvXZJNpXwNWQV1NVA=","/ev+qTNo/us7b72hyJtJort5QZxPKar8le44ZhKBLwc=","xDxw/TK13IVNi/x9wLUKg/lUIgK2qj0ukfV7SFxCRLA=","RXaLdqaR9V5KRx68wTV+MrPx6zpOjej8etZ6qHYwGYc=","KgBtbUkhNAcel+CHKfVzhJGbQBNjJBz7xUevjrZzdaw=","foOwjOo/gtPa8tR4oiZNwOFyquTcJvsqlENuVuMMxj8=","MjGwn+wtfh8Ly1XnObvxKg2Bd2svM7egl9JDG3Yp7Yw=","rt+rO+3QXFXyzIv0kAe4GJtuVkMTamOiIeC6g48LWp8=","QGlPLGTRuRKxu4g98pjzOXn7JlkGjavUUQG5IUeJAC4=","4vOyks8vNa18QNGwAWsTzdsfr3bx+vEbd18L9SalLOU=","LcCowXshyCPGatkCyaISbEE6y5rzoIKuS69XHBbOMoI=","JuL2fEPzKznfJGNWbTL4yi+rOiXq+Ydc3xvPKkK7LYw=","9y/716Lrq0vtl2SUY4glGFGJCEBEyuv7380dFn5DKnE=","zu1x1rdyUMEFM6efO7v/1f7SYweAT40O2yZJ8AIGmv8=","p12qngNvtXj71A5WpGzxlMU2K/vUmcgm5Xj+8aDLiPQ=","kEFLgPeO/La9OHsT1CZv1Fgd96jwJlyQRPg5fzOpJDA=","Ud53G8oTyS7wVP6QBsLIZok9gxJidVVujnOuLZd1qv0=","dQnisFetOG5285PgeULvE2bfybOH9SFREVO57GIm9Tc=","Z/3PqET8hL2vchF0aeJVjsTHGhzYoe537x49Erpxcr8=","YWIWOFYZOqSTzFi1jR164t5cjQZ93tbDnn9YKwv+/6k=","S0BCwiY0SK+uCK/AisZjVuD9ym8I2VS7mD3goAJkVLg=","vXRgfievf4wn+2ohUnq91YR9z0REAY6AAq5O+C+/400=","UX2pDoYfH0HLIJhYcI0Ftbsz7LLeGv98Fel9yDZfWok=","VEW4u47GlOhUAhvHjgvAh5+jz2tGXRzkejPirbGGgCo=","0yQpPWiU9ycWywU2m7sN1l6JYhSfMrduBWJOFRQ0nh8=","qOO/AaYa4QyTjRM5kPbsfTXKXCe9Z+rUMepYduZIpEw=","x4trG3gDdjVLRTc3+JdR/75G4GnB1Zv/sJwJjaPNx30=","M5dRPhbwHUXPmfK9ZOrU9GVIW+o/+tfg3xJRS9usuDs="],"block_size":4096,"path":"material_css_min.css"},{"block_hashes":["8aQcdOVpXrTOzgaypl4GP34ntfQ2uxiF+MzBKm9jfDU=","su8TEvdc3FKRZYSMLfJ4y3gnTP2iKmyEyvfZDmGVpLI=","75sUfpkoqUafUxCN+rrfYsYx+eh2Bg5MO/iJtK2uY88=","Ck6WAjHHqJgpfvPPnsCbJSNVJBqHE5VUc1R1b1cNwaY=","PNf/CjSAwrfxDcyMrdvAL33jNDpNVscHZrSoXhP2NGc=","kNorC06+bqr3ZVcruwSy4wdUbSqL9+L7pEPDZQ1NyPM=","rjqzR+xSdCGLOR6h61CpZDCQanMzIN5xJnC0gQu/ksE=","LeOPmZZ4FF0HOTA0bQ9WxrTCKz23Yrm9kRv3BYuVxhE=","tsby9f7A/NKxkhD5hTENi0YRhC+8mL5+BQGqoGZWOvk="],"block_size":4096,"path":"mirroring_cast_streaming.js"},{"block_hashes":["hsVm+Op2p2l2XcqJGOeJlLWADUwKZAp6HDZfta6oxKQ=","TA5edCj3DFTa3SGCYxw8ktUrMG7Bm3xStYBOhhL2hgE=","EdrNrRs+NBLc9QZK8CBTpkO+wAkWYvv7abV5iH1cBN8=","vO9jvsR4w8Ao2alzTSM7Dt2mEVBrAGTjoSp4Y7zf7Vc=","1CGm2lpD6Rc4YMSra2hdLT/ymwZKbrnl1Inok5D5C0A=","O8AzPXDFPXy+0J7ixZwGVHj2+z7rTUyHQNUdUOvTg00=","YEbS+FGQEiIcJeZO9+Ek/j1HYtvC22PXmzZRUNYd7/A=","CNer6FWNXK7O/MXkrAGzdsQBMGNpr4nyi3Z1pMgXi9c=","O4+rBd16ybW6E0sxb8Md4OjIjc97ebsxpO+3Kwtb5LI=","GsAvAjNyBQtAUc542k0ot2o5qPhOOEp/LCQubdQbM+0=","T/wqM1mT2ZLgxDhlNjUQaGjatvUxyD/kzYemqUspF9M=","EufmOCw8HZsAJY1TC0sLvotNFcwCa4HZ6sYPlPvOtpo=","bvXaQk3ZaJRab2YsEeJEoRhNohlv9ji3ogvTjEwN1is=","ml25v3G28rpu01TQRj9+XH+fPGmCa/8OzNLo2VOXDzY=","aZFSLO7XHecOpbUGoxtOKNBjFpxcy6VZBPGJ7pl/di0=","1I+63RTezKhHq4SBG11MBQeeNTkxOuvg6qATbEv3y50=","DX2n+BLzwHIFSW6NMcz2XcRuMzQD8tcVk65ghENQztk=","hB2tSHL6cHLXznz3iXcO6tnbky98ZkvF4DgGOWgTBBk=","f3GmHhXbjZp6ddkunkivTWu1fTJEZmwH2PLUferjSvA=","xLh40Y8n0kYOv+l5kXdV/rbpKGN6agZxlrlnUwzJxwQ=","SpSw76FtQM9mddqF/coHD2P2Dyhzhu4Cg3kFpo4MczE=","v/1aZ8Tr8v0L6/lfLgOjxx6fGHIoccGb7Hjk2jpw4uE=","xUJsJtkW0XfC//vDOrcpjKofuZPro46+6dHTRAzt2oo=","1/sXoZG5qiEbcRxB6MpDsUOKk3xMGQokygp24JmLwFQ=","QGP2+XVeiNcnfOEG/4Sx/hypzcHcE4ZUXbvHK0nYyHw=","bEh0NJzK6C44vlgPOZDqdXkKSNIus7EidhZHkgj4z6c=","CYB6QQFTDhwbnR6rTcJrrEhMqTN0Iw/pTBfDdC8UheE=","cq8IM/QFEMwgvKNhLQWVYCv8B2mCMe69SDbPbhjInPU=","ZLpSuPN9bsZPSIYWo82jehA86aGLTFOJfsFNezhFEfI=","cUmh+jHBm8PUbqEk3TBy20kJUUr0g8vJdvYPuvGcHWI=","RhLIyG1z37sU3dSrd7S/ioX7SZy7wH8x19EGmYxpMks=","aOuFtZbp1FOckvOYczve4/py02SUFOJf8BWnez4mEFE=","+wvbgR9CKqSqRM517JkM7D/1rpKcsP13yZPS748uxU4=","kzsTxJ7wAeNLazdG757TCKbqpROcwePUMQm8smNo23U=","RfrgpjZZKtLF3QcJy0azaB8yozNrMahO9xLQNiUZgrQ=","4V0YmwOuWSsbKXmbzkhEIG3nekKVk3+rWs2K3c9XKcA=","ORIY4Q2tUJni1P+RUJADNKQAFAovL1xbci3fqLe3R94=","OEIPEBzADxK0vWCGxY/4VdQwio9V0O/AY+/O1xX2mxY=","TR2NB08HWNwpglU4TCG8WL0pmRd+tJRUOqlUNLvGSe8=","pCwGreipl+cjkSwnsmX1gmBIBWle82sWw2Lg8FxCDq4=","n6oHuNKtrs0UhhUk0SHVG0XV4+DnQ7OsyYRSj18giwg=","zSZnWKjoFW1x+C1bjn2zH5WgVswQVgjXpHBUTlqIvAY=","8BsHg4Sl+SVhPAD0xQ8aR1oLhb8R9VKz0rtXRr5iZcs=","JTdsI/h8AVsvXjoJpRDjhYPQ0oH2klc8K6xwFzdQ6I0=","iTXe+k4w4LZgZi2gF7iqRYkNDYeb1sVHVVh3sfZMm3w=","t6vbeNtcV9euSpPiK9ZsC/SR8ANzPcm5niGCECwTmNg=","oApUEFnag82TpVvBreG9XSw+WbBKkvFCGpP8oOJ5vhA=","ntmbIASnFkqP3tsYygS2jr47pwKZKSdaRoNbFDdzj6k=","pLCjSjMEiHq6EetM7BlsEzPqDheUFIJD8QvEmdLniNM=","os3oD8QORwe0j9Qr33/jEuUxB1aPX1TdyWdwK08Zdrs=","tMlrJixUn50H4pDkWUlmvRQ2SK0B2Tn5pxbirnBNexA="],"block_size":4096,"path":"mirroring_common.js"},{"block_hashes":["OSHwji60Oo0yqlcBpQ6BezhHglzrKPwXdTdrYNE4iOo=","UJxlSOv3pZJSFI8qYbcCsiHRjDcpydHmLCCIk9e3wmE=","On4YMi7tYQgnj0/GNeDExp+1dqXccS/lYSsRCEtlDO8=","4/UwAlLmI7JjHiRBnee/07ohVk7qnbb8ik+FHBkuzEA=","vT4NF7Hwjn4zzNkf42OtTcX30J82m+1Z/XWvywog/Xs=","SRTcMHSYXCi9iqF/ONIPXOM31jy1SqhIjoufg8KasPU=","OWhg+jdgVAqb5RPVMOx+6FopcQRl3Ywb0NN2cPSmxE8=","yLQub7BlvKYLLlHIhsM6exAAEhYpgXh10ShA/11gWzk=","5vMe4/H8R2aoiXrZCTXI0h4aZxiENk0bFYNqNNMl7wk=","kXNuzmc2GFzZipqAzQNmsPL8jZSUfgVwIBUuIhMua40=","OE4gC92mOqQDaUslTcX9Mp0eZlWiPehz1CtbLF/kZFI=","jpONulJjxrfc5Zye1Hcpm8+9iCKZ5Rzpp2lNDCkOfDs=","rH/yVTcGf9MoCiTq3qLzb3d4Xs+3tSHUlTJYyIq+HfY=","kbStie/qNtjk1zYn/X70oxUwZHp2N7wCOvoOMAHmRKg=","Y4Ex62RWT24FozFcqOVnvPAg7nhgSwn5me7Llotty7o=","Tqq/MpyXC7BMcFmPQ3aCy+szj4pYGJRSADHUA1mCn68=","1VRiwCLBt0O8sOrXqURMBCIOcKQWuJxqqJ/hL/O1FbY=","470Ly+7JxMNIy6zrvyVlxEPd+Ww3bC1eWx44teKa9OM=","+DZ/aWj7xh0x6bikfywsOJ3gWGH3ewqmmRlDd9IaSTU=","Z0oXgmbOxEcEnfHzKtQoSrBSJF/R6bvi/RGA+0GG/wc=","qPnZNoisoL+bruwqvpdanahHch0UtW1rKQAde3S7+3s=","btqLttR3cfWw/sy/sLaWM9snVKhyWufvUD6zaBZ9wkM=","RPEkARIIyPZdbfr2m9bWrPEtfO+kCUdc00SE6rE2OX0=","mqvsVGtV8IQ3ptcj4ERrmGlkmmbx5ruq3bzfKoPU14o=","+cqBD3hLPjnGg6BL9SAR3Z8ro6ukgM5EbOM3Gm2B8Yc=","/ThBT0UQhF7Ss+k+uarOdyLqeBrnwF1cGomFALlhMeM=","cXuctnbi68cOh4kUwMFg+rhJqU/kCrB1oSX3R+ZqVIY=","3WtPguUfjyCOVIbdB2ZAEVPWzhrKgBsM9yvbcB11ZNw=","p5O1Qg7RJQBlF6ehA5xW5xleL2ff2DwVOivnWe3Nbl0=","0h/9/EzTq1l9IP5u/RIKX/ixyy1X6f79S/7d72AriSc=","hCEm6wjLmfCuQPLNeoWKQk7+5r+XoyzvlnVmKNujaL4=","e+4nUmq0K8E3NGCkx52BVZGe65xWeDIfXyEEZCfZ9mE=","X6go0frrtWPm1e1+dKJkB8iNhQwEQoBw6OUbjXnpJSk=","kz9YwN5NmI/85VG+tm4G7NMlMTlXiuMZ+YCfr5t5WqU=","17mGC001IYD05BRUfZ5NvwiI6OJgqhnFV0aB7NnrGYk=","RKv+TIIrdPwVE5OnaFNLZ2wwP2/J9jCXExwM0+Tv1eU=","Sm/39Wc2pUGofPd0OEPTYaLqIzTJAAvFWAPOCF7apSg=","V4O5C5ABpZmAGSwz7ewL2eJ9LqC8twYQmO4lDgZWmv0=","8Cqkqv2KlRMNWXsYDMaq1PID9pRq7Hj8bLn+OVn3NXs=","xAZD60j1glprSRQah9iTGXLlqa67SOVzwzbiUBmeF9Y=","KMPfXrAtoVAxMJu1sPbQ7zj9kk52H4zChalVDq4OD94=","CHb1CoC1z0dibrUy8OaCc51ZUspxa6WYPSTn/m1R4p8=","DNktcpF7M5Qjw4mhDxCEGEPmhGrwIs74KaUHKqUwDFQ=","OCY9FUKlo3ly45fx7NoETahAP4LmfNL/777dVFmEZLk=","2tbA+cbGliDhvIN6fLsw7OzTllZhGfBUu21D6QgbT1Q=","dC3hy4F9W3+pmu/SxAiCgem+isLmDPk8/Ckj4wqE2sA=","l78pfBERsQ4tjywTDzd5F/ULAgJ8FloDWzBfQyjvb6M=","EST2o9NQ+mH3xxW27Oaq3+XdqcaS0dIcJMfhErMrCY8=","NOj0+ud6ns+8IRqNsoDa6BS1UJBDI1mUCAJ5FRqjCaI=","9Gw5dDzRW0owy5Etao3SIH59DzjrNWw2ufpFigtioz8=","8INzEiez4N0W80a5VaadmNfP35Dwu4SgOZ/46OWIAsc=","NOhsS6bq5GocfzjFXSFHukxZShJO3ug9RvCAS42/GsU=","i2lC/TJWUO3FdXDaAmPgJZpDJAxjNJLOLGtDNfpsss8=","xw+a97iNbb30nTywuRd2lqkk9B1N2qcCw9SQgw0ndBg=","TorVY4h/udtq4MdrzoFqgBDJxy8XWbPcuEgfnHpnaZE=","VxJ/LYRzmdLu6yVSi4mUt9kXpnuT1Wcak2Vlpi9FYDs=","+PPeFM+BFmJ75JqCgbJyxd8SY6m3R7T8NammU1Kc07c=","WG3UgOsLBy2Wx+o22cv2tEdv4aS5OTNQqAv3mHFHhck=","h6LBDR1XY45I/xNS++9qnA8XOwnNMJzZxSkGL924EpU=","GioGnpFl/tzDlv3l6jBUInHzR7gSyhvJsZ7deUzAEUM=","9ofWkE7/6IqIHae4qEI8717PxD4pQVNFfXoMRi017lM=","B7QNUsfcUdE0ytTnGASKOs3fyxzTm54YawAVgCknS0I=","nSXZr4eLAROeqxX50N83VsYel292J1eLp2vetHvhNpg=","SL63on0e7yjYhlMs07l1AJbUCqwI9rfRAuvwkdIdMc0=","I9b9q+kToWXD8yEJhodQeoWDS48nsCiNANleYQgdthU=","QRryioZJA45z+6hnMQBWePE+GriBAPvu/XkICBkb4v4=","bEmmNoLIGuJ5xbzYjyvQ8feniuvOaK4iO1oZb734x98=","hIYCIG48iIcFKminMOIB74KcNa/CfUdgh0K9cQ+CRKA=","pbMlHROs+lJtYtS5O6IsWvBnCVnbDrDq4s9yQPYLdR4=","l51S772m9iDVYm1103pnHFGa1r9hgBt8RSO1mD9+/j0=","jdoaPJatOYTEaaAYcFzxFafQ4sl7HzZefAPgbDOHB0Q=","EBExqejA5pzx5XrkSdG6SnKztaxpene/SUKcfAEEsPE=","f/Dgv/ZwPSE7cDUMeVxwJuNLvbJQ9SNStt6QdK/WVIo=","z4AnnlndrvfODfum7Dl49JyHzuNOA+eScawLwA5V3wc=","lUSddKaFsNjhBuezh7YFxM3GQq0eGnGLh3wExQx2bKk=","ENu/jylTIJQHCCDMBcxv6FE9J3ZH4/jhLVuts94SMmA=","2Ro58uV1bJ/knkc5q15E7Ae6sRO4N4/RHNbevtdjRrc=","S7AOel869bySn6JSevZ7K5uHZTNQ0SppLmfbv5kuuyY=","wwpc0MdGuQ+rza2L58cf7wkoLPC49T8iGjd5B8GYcRo=","UV2u2mJYxyyWQOPENqsfxCjFPrt5qGe8R9IEvvBdiLM=","a4NklyiZ/E9OpFnMMixyDB8Syx6bOt/r/XrStXX9Kps=","jtJqBGkiVNSv4AMWFRzB0+Td0bGA7zoC6I7S3NPLpf0=","pnVJ3Rll5hN+GsiWPlJxCJxb87QMMAcFE2TtGANcHjI=","FL5ABxu/mARBNB67l1/W9CxIaDotTThjJWcsveOL9IU=","FJOsM6+chj1ZyZR3MbAJzgz2c3YGDrO1f3lkoPl9PLU=","3KACeLvZOTSKBjX9K24F6guc9EsTZsf/EBAX0sPFsCU=","pUwAX5MkbrSIY9cB0s7CYtIG/n3nX65OPVm88qHGPuI=","Q8lAcgutj6YDod8SD9n87qgK86AJLb/sbB8q0wsbD0U=","KLKU5f4718JoW6sIF0bXPSiddwbn4NWhzbhWMqbwbkk=","HXm4w14oaa1gLR9skMOHO3Q6GRvmDPd8Psb65YlwqYg=","iRP1sTJ1DvZkGJGWJpyVXf0x/1vO6HjsPOMKaeL18FA=","wLdUwJFUgaE+jbBWb1qjKYlbaf8gehvwcTmhUQdxiGg=","+S72n8qF6lTyVdEd3AAQztPbWdRLcxCPXxw+t9medko=","ne3sHeGiLyejPrcIRNWMh4/tSW1d63o3gk47fyEJz6w=","qbjQWEk5wMGuyoQ7OyYCnlrPV0BdCDEruwOUcP4vS+M=","L+pXKdRpE80zAfxnpQsOM0fSWFQx12BoX7nsyef/anA=","Fz0H6VvAX+Q9sJYf4WdBG/2rUZN4dLkPR4cH4jvPElY=","jNK5aW292DsTfLx++xcVVx7cTfmXMLkC+OgU1GVjc/E=","lamri7yhaKHc+S34KHNqpbm8+PZ4fopYv6+gCAqvamA=","qfDrb3l+ig1vaU8BjA9NWMhZDJWNYEyuTv2GRKtbtrQ=","qQa2RPN9K1r+f+MRHZqbUnvWx23Xm4PHFEX+c7Bgk6w=","VUUaLV2EiZzv6xNkiDy3iEBJsVyaYohZJRzbJJsLYmQ=","BL39EEd6BJLKl0ysgkYIPuq4Jb/yrDTqeo/psTAkiFo=","TLxDYYpWXg1kLnEWtoEyRgyWi2BUkNxSBGcss8eiSW8=","6Jx7jjL/PVVH8An3BMLQGIgRTzOfO1Ss9JFDI7zcnDQ=","xahFR5jmjLS83uc3480On7fY2HbqulLdW2el8wkLwfc=","xs1gPwFmQZXCTmHwRWuyzkDLLTGwbX9iZJ0Ts6qhJRg=","Y+nIPF+7vwABkzcxPrRhF7UcF4ZHOSKeANWNn6iCPOg=","7zVtQ/Srsx9qqw7C+7e1L7KnD6yzIIlL4u2LsGDren4=","QwmBP+oxvpyQT0tstXTfDBIjGkP4XVD657j+a4sK9lM=","mqvRX3YlWQSSYeaF2V0apuRirDWtRss3gav6hSrndpk=","881Nv0wOoDgpqybKp5GpB5Qi+2J8Jj7e8v5XECODC5I=","cQEFyXvaPDN3Q/87RASUZTRbDvVnpzGSV+e6WGVZIEQ=","JzhAN/InhQqoMfnmc5o69NaruE6QAvmi7e6LXeI0w/8=","Hmzz9TfSjaU2Wu2BIimJYuoknM7Q4QOHa2kuUc0CqYE=","6foDD0ZMqVDS59uP8KOK8SywW/IcKOfi7SIcQwEjasc=","Ys8/xNuQ7NIMXQkLW5gUz+qBHwTi4cS0kIIyRC1a8z0=","beRWu4bDjyD875yAFilHN7uxRxf9NdI5ll668iKPAtU=","aVLcMWdTaHYGjc9kDEW8JrVu/pdbX9XLvXFa3ZO2SuE=","5gqBmML4NjCvILTxtB9k/x2nRZpA8lRWnQ/R3fffxdA=","oNWbJXtAyD/MDE/xAhLPnzxDholVHYwVEXSNuQ7fcfA=","nyIrBurUebKglEoI7sns/DWACIrvwyVD9TphnnVsrFE=","pK/8n5S/Z3wRlGOnXRlaPAQy7InFTyK+H7/T3OnIHlY=","nxCmB9kCUcMssZx2eEfGbyz7UimuqQ0TH4LYBwp1hM0=","fymeOmIGxA8kWdmwh2ZRbnUN/je/CC8Skm3zrQ74YnU=","F6CqhFMC/fz3myLik2aiVZAvongydBTnLEcFk0sG/RQ=","2ijtcnqmhsfHFFBcaMeqDjznlP0FIbOi/w3ME/uRqQo=","tGrt36cD3qB7XbIq+7NgjUAIQO9Rfzkav/JS6djdHd8=","FX4yI89tHOIPqDJi0x/rx2Kd1DkFudu/D3wY546FrbI=","AF9v1Jgmux2tpfurvvUOwSKW+XuCA/JaeK64WcEA/WA=","UQT5e0MlAIxoy4NQIJdxRlBHyMZL+De1vtooTKlA3kk=","LkI99YrtXuxZwv8YvxrQhgh+J5WGAgKgH0b2aAfk6Qc=","3w8uQfnSsps8a9l565JcTmqRVuLVcUjnE5A3n+ENUL4=","9QOPdn5Ds9W1FGmuAYy7ROr+37NqYN39PxHG2nfqxDw=","0MtpVZADT9EW1z0EXHYG/IUuDGmTTor1R3pMhwpE76w=","AhNN3IrdFFWiLJM2x8R6FkX5zlG3icCbdw8iyHnefTQ=","zdmBFjVv5laQ4oXVqjZIE+3/lfkqUbWVI3uuxLRFeiM=","88mi7awj8zG1sZJ8EYTj7RVfNYlDcE/rhS9hSc5SJsU=","DEVCO1k58GPTl3i9lCNgHqKYH9R7XS6q8FAsP/09kxE=","NLUFoq7bPgiFkcB8gSVA4UYpggaoLdKnP3pZKEQnTfQ=","NHpgacogKhao43fmYsRqnQeP3hjgBPNlo3QEzTjxidk=","6d/zFQplYNnzsKA/hIUew6xuox3/5TDBlZL+Iy/o6l8=","pw3fK9Sbt03nbCxjrXqmdM3wR1WCfthbls5U4t9B0r4=","KI/owNIYwo85ATbH0DR52GxF6CH+s7CQpsM3AK9DFao=","0b6EN1rawQFB4LqG0mCA9IZ2yYKPKIdM7mF/ix/yF28=","dKBxrkEY4RudJv1kJLB9Dw2B9ksOu2RpH7/u7ZeYBCo=","0FcZKEcNHyxLNjg6y8XqPMDo9bxPx0j4WrM09BRpUfM=","+oQPNdBW1ZdNYJsSSAVryrl40YGOGdK0HxoEVSfnST0=","ACAz4//QbYxotq2j5BHDJY+J2+N9qLHyOmKQHqd60HQ=","VquK3hd9xzCKX3fBlGaek3tViEGw8W5IcXPScE/v4z0=","JUwV4whmMvWRfELW4TtylkLAmy4bQFZHieqMbvE/gg4=","urBkB+9+6CvWcCryCDlz7eYU3dweCbnybwdc6uhL0WA=","2gGfdzZKGTo2fz2ppsst5XWr8KCdb9vSG0vNx/uNY+4=","lUS2dcCYHqvciL6YKXSbzD7AAZ18SZwvWEWpIX70/uQ=","eF1pLfW8FHlgf+ywQOa8xyRcO5ACKz1aT048RZGAiDI=","XELazBXRWBgNvh0i7gba7/xmwemwJHrQrz80NML+eOE=","95cheTGP0fxaw1r5loBJRi6gqygwqWs/p9CIAVwOOgI=","+E0N497O+X/pbna4AZtWrZGwVqEq+V3RP3dB+ckw3Mo=","TEmuTK/qQvveouYz29ljSxdpd5r4sZvOD6L56cYG2Ks=","8PdhstgsY72/Ttmq5u7B/DULU6XJELhNKNHP6eRn8d4=","jaz36qPI2wHXJwuhPcAFEDpMgRSR6cEI4f93hHPmB7Y=","Bx/0obB52VMMMxARIhETGqm+L46QZNDmQWaRAT68Lq8=","KlY53wIbDjx4U17mpHNw5DDXwA/Fg9VDHz6Gsl6nT8E=","mp9G5TF8CFts/2JJ4WaKUGO9qirJ/m8gIihCMTvIkOg=","6ioaDV1Xgak6SM/AolaNB6mL89IDbqoYQaaqgyqiBKo=","zwHNTlizhVFvu7IwKhqJFbR4lpTtiUorDZ6+MDW4uE8=","48LUqfeFRBvY2T4ywfW0odpYFdNglnRwlgR/4GrZQHE=","b6/qrdPCRinKDv0z0troitgpShZpogQN4P1k5g8qUU4=","NoTfI3KRrSeK6ooLHDeKJRhaIhxx1WxXFX31lLS2/o8=","lvHOx4nqKqmfmnzhZWxEZfBA/nTxBjXyUHlyV16C+EQ=","F9jvgd8pdlrY6iXkhoxt0Q0lPvEpz129sXk3VAYisDI=","t3z8vSbVmofzoYxXKwB4+ZOktdYbhTnF0xjczwpCkdA=","0lxiDN3Sc7UkmG0lH1rfsoDI0ZQnu7fMBKgThg/yCso=","vsoTPUNbCusUnh3vCQuSHprjX3LL2AmhMjz8zY74RGw=","vKsUqyQCY7EqXmXKCWENv22RT54gmejzsPRszeltDQY=","XQ7A83BJmlVFZ3T4nUazxvSnsJ8suoY0iBSzYZqOZPs=","/N+QgXzYtZLtM0RzEdWX2rS4jt77PEMC9tTy8rJwB2s=","tuBs8kivosxj7tZkoCwx1cZG7t02dLUqu2cVWhPJDmo=","R+DS64bvv4LEzijfxHNZSI8gAizg0QPaTxtY6qUym5U=","dhak6jiFxh+Oxf9zUYWtXMre1lReg9AVb2Tyy2+nAAA="],"block_size":4096,"path":"mirroring_hangouts.js"},{"block_hashes":["JgGqBrZ8NgsnVg+PCJFD9IWCiOzK3ro0NLQApSh5Kys="],"block_size":4096,"path":"mirroring_webrtc.js"}],"version":2}