{"file_hashes":[{"block_hashes":["qhIgWxCHUM+foJeEYabYiB5OgNogqEbYJNpAadnJGEc="],"block_size":4096,"path":"_locales/af/messages.json"},{"block_hashes":["3fFoWaFfPrMzTWJBl1yjmIrD6vw9lkUqw6Sv02RMhVA="],"block_size":4096,"path":"_locales/be/messages.json"},{"block_hashes":["pIJmMpKpE7AqnN5GNcfJInC/PIcm/SdEddwsSQAZp8k="],"block_size":4096,"path":"_locales/cy/messages.json"},{"block_hashes":["pBZw1SQjumnHpl5+FT57mZTo3QNwxYS9oHFL1hxJxXg="],"block_size":4096,"path":"_locales/eu/messages.json"},{"block_hashes":["mJBxDfD78dtBvOQf4vYkJKO9OddV0p6Cl0TtPaDCzh0="],"block_size":4096,"path":"_locales/gl/messages.json"},{"block_hashes":["Cxbj+L2QSnZyhDRa6GoKmSfEev6J4F6isTrYAAm9+eQ="],"block_size":4096,"path":"_locales/hy/messages.json"},{"block_hashes":["4WMl0aZB73Qh8rr81kM9U1Q8idSY3ZZBmwPLpgucfWA="],"block_size":4096,"path":"_locales/is/messages.json"},{"block_hashes":["u7gcMvSCujIWybEYnHDO85yowhga81OP+ge0xq1S8Go="],"block_size":4096,"path":"_locales/iw/messages.json"},{"block_hashes":["MImLv1G91Y2zl/94DwYeM0MaOO9c/CiLUXfs92s5nyY="],"block_size":4096,"path":"_locales/ka/messages.json"},{"block_hashes":["VI3GyW4xoWzjVdxVxkgzsI7z+6i/MxSQMbSmhZWeOvQ="],"block_size":4096,"path":"_locales/kk/messages.json"},{"block_hashes":["phGPCg3jKeB8AfU81vtP7UPlTF9T20zRx/WytNn7EOY="],"block_size":4096,"path":"_locales/km/messages.json"},{"block_hashes":["iQgvsFIpgmvCIvXSLBWCNfAl8ObfZ/8TWhi9iZ4Tu48="],"block_size":4096,"path":"_locales/lo/messages.json"},{"block_hashes":["YT2HUfbMnT+jGfS36osr077Tf9B3SCyoJZKd18Eqaag="],"block_size":4096,"path":"_locales/mn/messages.json"},{"block_hashes":["JDvvvWtnohQz3Ml9wacoiW06Bw3CAFXrBNZE4buVX+c="],"block_size":4096,"path":"_locales/my/messages.json"},{"block_hashes":["s+HGRYr0i5xQgEp2p+belX6TNgh3nF8eihdmYjvR8d8="],"block_size":4096,"path":"_locales/ne/messages.json"},{"block_hashes":["s+zieZQ7KMjYVeyGrBzlO9+2pwkkDWU1CHZEk6dfdRg="],"block_size":4096,"path":"_locales/no/messages.json"},{"block_hashes":["lMKAtddlshszs3A+5EhRfTuaSnmdsf/uMNSSbcQAO9o="],"block_size":4096,"path":"_locales/pa/messages.json"},{"block_hashes":["VCQevmUag0QjXMR6/SdMCAq668jDolr7ldg3O2pWcKI="],"block_size":4096,"path":"_locales/si/messages.json"},{"block_hashes":["UEVJBXpqGCpATDYRLSRQhkpstFdM0Oj0NcpVb6xSqwo="],"block_size":4096,"path":"_locales/ur/messages.json"},{"block_hashes":["MPRM+tBS1z2G0S+iDPwRFWOjsuRSO0P31m2TS6jazpE="],"block_size":4096,"path":"_locales/zh_HK/messages.json"},{"block_hashes":["7Hjd1MzzK1127HAaIBZ8P70UbXmlBeT7BCH8Hlz0qmM="],"block_size":4096,"path":"_locales/zu/messages.json"},{"block_hashes":["bGnOD+b6sU8ZkKMg1wT+42LBdcAOtskiSqb0EQiRjKY="],"block_size":4096,"path":"dasherSettingSchema.json"},{"block_hashes":["WuCNdmJUzhOB8cVS7+LRIjIX/vFfpDt3ZivuiW3kZMw=","HxomjXXf4syandRyxlNOBV1Z2ujp7xfslC7t2aZH1Hk=","f88kd5klunQobSDn+jJRJFRA9sikjwnRD30ay9xWSP8=","AVUMB00VYPud91Od3pYwuB4m5IOR7ybmgCtyWDD65Ts=","DGbarr+ASQU36VLh9T9lKEbilC1h/DQJbGpMZfs93Qo=","rDZ2kc2vuBFU+6/3QtE3YKIoFNuUkG2gcwYvFDYl6HA=","xgznAf0x1SCF603HeS61j1fxRHQGWfY51FJJDgtiixg=","UjQ9ysrCjEqYdHaw0Xh6JCIMwsZhc8c4sn+8fiA2iAw=","HdWqMBfdDySS0nlp/USV/+b1OmG8hrtkLzH4+KwADRU=","sjByV3VXvn62dpRPA6YKl5jfQ7J8iz9k9OAqa62RMAs=","y5eM0eyb4QZsozCooTA+BeuEJfbeluAp2tX+DsdWrUw=","xu90OJH+kR5aVryxW14sEyPt76hDXW7KBciTTAdecb0=","lIvzSToOSoMrjwRA8w0UuL0P5++lhmdOYmxwuNwwEd4=","TFG7LLuqf3kyyLnDpCQ6uAnlAR67hQEcj0tWTHhQmMs=","o97O8ypvLoS+gx9KMqUxYwogMEc1SnXy9BYEJ6A4FvU=","V9Gt6bCCAzlbYMMb423kh7TwO0LOg2mRWnDAKmBsTyg=","y/nPQK2ym6lITLPTCJ6yZQvAbBV8v7RI1vWG/fcrDWU="],"block_size":4096,"path":"eventpage_bin_prod.js"},{"block_hashes":["4cTgFQUT+YApWwaUZvx2JLc+/GFTpKzAzBM0dyoRN8A="],"block_size":4096,"path":"page_embed_script.js"}],"version":2}